{"cameraMode":{"drawMode":0,"name":"Shaded","section":"Shading Mode"},"sceneLighting":false,"audioPlay":false,"sceneViewState":{"m_AlwaysRefresh":false,"showFog":true,"showSkybox":false,"showFlares":true,"showImageEffects":true,"showParticleSystems":true,"showVisualEffectGraphs":true,"m_FxEnabled":true},"in2DMode":false,"pivot":{"x":190.90151977539063,"y":152.21218872070313,"z":-2.0974137783050539},"rotation":{"x":0.08329939842224121,"y":0.893273651599884,"z":-0.18563570082187653,"w":0.4008376896381378},"size":249.82589721679688,"orthographic":false}