{"cameraMode":{"drawMode":0,"name":"Shaded","section":"Shading Mode"},"sceneLighting":false,"audioPlay":false,"sceneViewState":{"m_AlwaysRefresh":false,"showFog":true,"showSkybox":false,"showFlares":true,"showImageEffects":true,"showParticleSystems":true,"showVisualEffectGraphs":true,"m_FxEnabled":true},"in2DMode":false,"pivot":{"x":0.1053089052438736,"y":-0.05869824439287186,"z":-0.05306804180145264},"rotation":{"x":-0.008779646828770638,"y":0.9888270497322083,"z":-0.06476002931594849,"w":-0.13401028513908387},"size":10.338014602661133,"orthographic":true}