{"cameraMode":{"drawMode":0,"name":"Shaded","section":"Shading Mode"},"sceneLighting":false,"audioPlay":false,"sceneViewState":{"m_AlwaysRefresh":false,"showFog":true,"showSkybox":false,"showFlares":true,"showImageEffects":true,"showParticleSystems":true,"showVisualEffectGraphs":true,"m_FxEnabled":true},"in2DMode":false,"pivot":{"x":-5.200418472290039,"y":0.005885439459234476,"z":0.9272876977920532},"rotation":{"x":0.2657179832458496,"y":0.23782280087471009,"z":-0.931795597076416,"w":0.0678267851471901},"size":0.005254725925624371,"orthographic":true}